sequence,monitor_pred,discriminator_pred,dox_minus_score,dox_plus_score,probability_final
CAAAAAGATAAGCTTTACCTATAAAAGGACCTTTCGTTGCTGTCTGGTTGTGTGTGGAAC,0.9689550399780273,0.8792585134506226,0.5769542455673218,0.5379154682159424,0.5574348568916321
GGGAGATGGGCTCTGAGACTATAAAGCCAGCGGGGGCCCAGCAGCCCTCAGCCCTCCAGG,0.9974167346954346,0.8269833326339722,0.47442254424095154,0.5702240467071533,0.5223232954740524
